{
    "name": "root",
    "gauges": {
        "carMove.Policy.Entropy.mean": {
            "value": 1.0585588216781616,
            "min": 0.9934289455413818,
            "max": 2.1960268020629883,
            "count": 106
        },
        "carMove.Policy.Entropy.sum": {
            "value": 10609.935546875,
            "min": 9963.0986328125,
            "max": 22294.064453125,
            "count": 106
        },
        "carMove.Step.mean": {
            "value": 1059989.0,
            "min": 9960.0,
            "max": 1059989.0,
            "count": 106
        },
        "carMove.Step.sum": {
            "value": 1059989.0,
            "min": 9960.0,
            "max": 1059989.0,
            "count": 106
        },
        "carMove.Policy.ExtrinsicValueEstimate.mean": {
            "value": 3.9147708415985107,
            "min": -0.8658170700073242,
            "max": 3.9912123680114746,
            "count": 106
        },
        "carMove.Policy.ExtrinsicValueEstimate.sum": {
            "value": 692.9144287109375,
            "min": -138.53073120117188,
            "max": 692.9144287109375,
            "count": 106
        },
        "carMove.Environment.EpisodeLength.mean": {
            "value": 347.969696969697,
            "min": 216.7826086956522,
            "max": 1499.0,
            "count": 106
        },
        "carMove.Environment.EpisodeLength.sum": {
            "value": 11483.0,
            "min": 7143.0,
            "max": 12830.0,
            "count": 106
        },
        "carMove.Environment.CumulativeReward.mean": {
            "value": 16.38484875722365,
            "min": 0.08333336313565572,
            "max": 35.38571512699127,
            "count": 106
        },
        "carMove.Environment.CumulativeReward.sum": {
            "value": 540.7000089883804,
            "min": 0.5000001788139343,
            "max": 540.7000089883804,
            "count": 106
        },
        "carMove.Policy.ExtrinsicReward.mean": {
            "value": 16.38484875722365,
            "min": 0.08333336313565572,
            "max": 35.38571512699127,
            "count": 106
        },
        "carMove.Policy.ExtrinsicReward.sum": {
            "value": 540.7000089883804,
            "min": 0.5000001788139343,
            "max": 540.7000089883804,
            "count": 106
        },
        "carMove.IsTraining.mean": {
            "value": 1.0,
            "min": 1.0,
            "max": 1.0,
            "count": 106
        },
        "carMove.IsTraining.sum": {
            "value": 1.0,
            "min": 1.0,
            "max": 1.0,
            "count": 106
        },
        "carMove.Losses.PolicyLoss.mean": {
            "value": 0.2848568824430307,
            "min": 0.1928084468546634,
            "max": 0.36069092492883403,
            "count": 105
        },
        "carMove.Losses.PolicyLoss.sum": {
            "value": 0.2848568824430307,
            "min": 0.1928084468546634,
            "max": 0.6382917867895836,
            "count": 105
        },
        "carMove.Losses.ValueLoss.mean": {
            "value": 0.7226098506400983,
            "min": 0.024378782447699147,
            "max": 0.9704249382019043,
            "count": 105
        },
        "carMove.Losses.ValueLoss.sum": {
            "value": 0.7226098506400983,
            "min": 0.024378782447699147,
            "max": 1.3194254901260138,
            "count": 105
        },
        "carMove.Policy.LearningRate.mean": {
            "value": 0.0002996832589055804,
            "min": 0.0002996832589055804,
            "max": 0.00029999695440101516,
            "count": 105
        },
        "carMove.Policy.LearningRate.sum": {
            "value": 0.0002996832589055804,
            "min": 0.0002996832589055804,
            "max": 0.0005999551536149488,
            "count": 105
        },
        "carMove.Policy.Epsilon.mean": {
            "value": 0.19989441960000007,
            "min": 0.19989441960000007,
            "max": 0.19999898480000006,
            "count": 105
        },
        "carMove.Policy.Epsilon.sum": {
            "value": 0.19989441960000007,
            "min": 0.19989441960000007,
            "max": 0.39998505119999994,
            "count": 105
        },
        "carMove.Policy.Beta.mean": {
            "value": 0.005,
            "min": 0.005,
            "max": 0.005,
            "count": 105
        },
        "carMove.Policy.Beta.sum": {
            "value": 0.005,
            "min": 0.005,
            "max": 0.01,
            "count": 105
        }
    },
    "metadata": {
        "timer_format_version": "0.1.0",
        "start_time_seconds": "1655996977",
        "python_version": "3.6.13 |Anaconda, Inc.| (default, Mar 16 2021, 11:37:27) [MSC v.1916 64 bit (AMD64)]",
        "command_line_arguments": "D:\\devTools\\anaconda\\envs\\deepLearning\\Scripts\\mlagents-learn .\\config\\carMove.yaml --run-id ppo_001",
        "mlagents_version": "0.28.0",
        "mlagents_envs_version": "0.28.0",
        "communication_protocol_version": "1.5.0",
        "pytorch_version": "1.10.2",
        "numpy_version": "1.17.0",
        "end_time_seconds": "1656006025"
    },
    "total": 9047.7398376,
    "count": 1,
    "self": 0.006429399998523877,
    "children": {
        "run_training.setup": {
            "total": 0.1730516,
            "count": 1,
            "self": 0.1730516
        },
        "TrainerController.start_learning": {
            "total": 9047.5603566,
            "count": 1,
            "self": 7.042703299997811,
            "children": {
                "TrainerController._reset_env": {
                    "total": 12.3998588,
                    "count": 1,
                    "self": 12.3998588
                },
                "TrainerController.advance": {
                    "total": 9027.737103300002,
                    "count": 357413,
                    "self": 6.6196597995058255,
                    "children": {
                        "env_step": {
                            "total": 7793.714804100312,
                            "count": 357413,
                            "self": 5845.518274200421,
                            "children": {
                                "SubprocessEnvManager._take_step": {
                                    "total": 1942.293336100092,
                                    "count": 357413,
                                    "self": 21.35274870021931,
                                    "children": {
                                        "TorchPolicy.evaluate": {
                                            "total": 1920.9405873998726,
                                            "count": 356402,
                                            "self": 729.198492999694,
                                            "children": {
                                                "TorchPolicy.sample_actions": {
                                                    "total": 1191.7420944001785,
                                                    "count": 356402,
                                                    "self": 1191.7420944001785
                                                }
                                            }
                                        }
                                    }
                                },
                                "workers": {
                                    "total": 5.903193799799457,
                                    "count": 357412,
                                    "self": 0.0,
                                    "children": {
                                        "worker_root": {
                                            "total": 9026.703608899988,
                                            "count": 357412,
                                            "is_parallel": true,
                                            "self": 3902.1529066001185,