{
    "name": "root",
    "gauges": {
        "carMove.Policy.Entropy.mean": {
            "value": 0.9440248012542725,
            "min": 0.9395971298217773,
            "max": 1.7858424186706543,
            "count": 50
        },
        "carMove.Policy.Entropy.sum": {
            "value": 9496.8896484375,
            "min": 9399.7294921875,
            "max": 18001.291015625,
            "count": 50
        },
        "carMove.Environment.EpisodeLength.mean": {
            "value": 509.04761904761904,
            "min": 83.38135593220339,
            "max": 799.3333333333334,
            "count": 50
        },
        "carMove.Environment.EpisodeLength.sum": {
            "value": 10690.0,
            "min": 6046.0,
            "max": 13822.0,
            "count": 50
        },
        "carMove.Step.mean": {
            "value": 499944.0,
            "min": 9980.0,
            "max": 499944.0,
            "count": 50
        },
        "carMove.Step.sum": {
            "value": 499944.0,
            "min": 9980.0,
            "max": 499944.0,
            "count": 50
        },
        "carMove.Policy.ExtrinsicValueEstimate.mean": {
            "value": 8.027924537658691,
            "min": -0.6770854592323303,
            "max": 8.201400756835938,
            "count": 50
        },
        "carMove.Policy.ExtrinsicValueEstimate.sum": {
            "value": 1364.7471923828125,
            "min": -136.09417724609375,
            "max": 1364.7471923828125,
            "count": 50
        },
        "carMove.Environment.CumulativeReward.mean": {
            "value": 49.476191316332134,
            "min": -2.5521367350195208,
            "max": 76.60000096427069,
            "count": 50
        },
        "carMove.Environment.CumulativeReward.sum": {
            "value": 1039.0000176429749,
            "min": -298.59999799728394,
            "max": 1332.800027012825,
            "count": 50
        },
        "carMove.Policy.ExtrinsicReward.mean": {
            "value": 49.476191316332134,
            "min": -2.5521367350195208,
            "max": 76.60000096427069,
            "count": 50
        },
        "carMove.Policy.ExtrinsicReward.sum": {
            "value": 1039.0000176429749,
            "min": -298.59999799728394,
            "max": 1332.800027012825,
            "count": 50
        },
        "carMove.Losses.PolicyLoss.mean": {
            "value": 0.10878048080485314,
            "min": 0.08546426235989202,
            "max": 0.2881928000211095,
            "count": 50
        },
        "carMove.Losses.PolicyLoss.sum": {
            "value": 0.10878048080485314,
            "min": 0.08546426235989202,
            "max": 0.3189422851273169,
            "count": 50
        },
        "carMove.Losses.ValueLoss.mean": {
            "value": 1.4736262520154317,
            "min": 0.1496898390352726,
            "max": 2.1777489384015403,
            "count": 50
        },
        "carMove.Losses.ValueLoss.sum": {
            "value": 1.4736262520154317,
            "min": 0.1496898390352726,
            "max": 2.635019937157631,
            "count": 50
        },
        "carMove.Policy.LearningRate.mean": {
            "value": 5.459498180200013e-06,
            "min": 5.459498180200013e-06,
            "max": 0.00029572200142599994,
            "count": 50
        },
        "carMove.Policy.LearningRate.sum": {
            "value": 5.459498180200013e-06,
            "min": 5.459498180200013e-06,
            "max": 0.0005574312141895998,
            "count": 50
        },
        "carMove.Policy.Epsilon.mean": {
            "value": 0.10181979999999999,
            "min": 0.10181979999999999,
            "max": 0.19857399999999994,
            "count": 50
        },
        "carMove.Policy.Epsilon.sum": {
            "value": 0.10181979999999999,
            "min": 0.10181979999999999,
            "max": 0.3858104000000001,
            "count": 50
        },
        "carMove.Policy.Beta.mean": {
            "value": 0.005000000000000001,
            "min": 0.005000000000000001,
            "max": 0.005000000000000001,
            "count": 50
        },
        "carMove.Policy.Beta.sum": {
            "value": 0.005000000000000001,
            "min": 0.005000000000000001,
            "max": 0.010000000000000002,
            "count": 50
        },
        "carMove.IsTraining.mean": {
            "value": 1.0,
            "min": 1.0,
            "max": 1.0,
            "count": 50
        },
        "carMove.IsTraining.sum": {
            "value": 1.0,
            "min": 1.0,
            "max": 1.0,
            "count": 50
        }
    },
    "metadata": {
        "timer_format_version": "0.1.0",
        "start_time_seconds": "1655761911",
        "python_version": "3.6.13 |Anaconda, Inc.| (default, Mar 16 2021, 11:37:27) [MSC v.1916 64 bit (AMD64)]",
        "command_line_arguments": "D:\\devTools\\anaconda\\envs\\deepLearning\\Scripts\\mlagents-learn ./config\\carMove.yaml --run-id vis_006 --force",
        "mlagents_version": "0.28.0",
        "mlagents_envs_version": "0.28.0",
        "communication_protocol_version": "1.5.0",
        "pytorch_version": "1.10.2",
        "numpy_version": "1.17.0",
        "end_time_seconds": "1655765802"
    },
    "total": 3890.9444833000002,
    "count": 1,
    "self": 0.010631800000282965,
    "children": {
        "run_training.setup": {
            "total": 0.17724410000000002,
            "count": 1,
            "self": 0.17724410000000002
        },
        "TrainerController.start_learning": {
            "total": 3890.7566074,
            "count": 1,
            "self": 2.433808000029785,
            "children": {
                "TrainerController._reset_env": {
                    "total": 7.1502582,
                    "count": 1,
                    "self": 7.1502582
                },
                "TrainerController.advance": {
                    "total": 3880.821492699971,
                    "count": 126567,
                    "self": 2.299353999971572,
                    "children": {
                        "env_step": {
                            "total": 3538.214967500023,
                            "count": 126567,
                            "self": 2792.9975907999806,
                            "children": {
                                "SubprocessEnvManager._take_step": {
                                    "total": 743.1130446000255,
                                    "count": 126567,
                                    "self": 7.275452899922925,
                                    "children": {
                                        "TorchPolicy.evaluate": {
                                            "total": 735.8375917001026,
                                            "count": 125039,
                                            "self": 240.9553872000808,
                                            "children": {
                                                "TorchPolicy.sample_actions": {
                                                    "total": 494.8822045000218,
                                                    "count": 125039,
                                                    "self": 494.8822045000218
                                                }
                                            }
                                        }
                                    }
                                },
                                "workers": {
                                    "total": 2.1043321000167126,
                                    "count": 126567,
                                    "self": 0.0,
                                    "children": {
                                        "worker_root": {
                                            "total": 3880.8337430000524,
                                            "count": 126567,
                                            "is_parallel": true,