{
    "name": "root",
    "gauges": {
        "carMove.Policy.Entropy.mean": {
            "value": 1.0871176719665527,
            "min": 1.0871176719665527,
            "max": 1.7841402292251587,
            "count": 50
        },
        "carMove.Policy.Entropy.sum": {
            "value": 10784.20703125,
            "min": 10784.20703125,
            "max": 18084.044921875,
            "count": 50
        },
        "carMove.Environment.EpisodeLength.mean": {
            "value": 331.05555555555554,
            "min": 74.45801526717557,
            "max": 1628.4285714285713,
            "count": 50
        },
        "carMove.Environment.EpisodeLength.sum": {
            "value": 5959.0,
            "min": 4964.0,
            "max": 13714.0,
            "count": 50
        },
        "carMove.Step.mean": {
            "value": 499942.0,
            "min": 9949.0,
            "max": 499942.0,
            "count": 50
        },
        "carMove.Step.sum": {
            "value": 499942.0,
            "min": 9949.0,
            "max": 499942.0,
            "count": 50
        },
        "carMove.Policy.ExtrinsicValueEstimate.mean": {
            "value": 6.413055419921875,
            "min": -1.0397987365722656,
            "max": 6.4893341064453125,
            "count": 50
        },
        "carMove.Policy.ExtrinsicValueEstimate.sum": {
            "value": 1070.980224609375,
            "min": -192.36276245117188,
            "max": 1098.7835693359375,
            "count": 50
        },
        "carMove.Environment.CumulativeReward.mean": {
            "value": 23.194444444444443,
            "min": -2.3740458015267176,
            "max": 132.5,
            "count": 50
        },
        "carMove.Environment.CumulativeReward.sum": {
            "value": 417.5,
            "min": -311.0,
            "max": 1087.5,
            "count": 50
        },
        "carMove.Policy.ExtrinsicReward.mean": {
            "value": 23.194444444444443,
            "min": -2.3740458015267176,
            "max": 132.5,
            "count": 50
        },
        "carMove.Policy.ExtrinsicReward.sum": {
            "value": 417.5,
            "min": -311.0,
            "max": 1087.5,
            "count": 50
        },
        "carMove.Losses.PolicyLoss.mean": {
            "value": 0.15111939649408063,
            "min": 0.07791888574138284,
            "max": 0.3096260882448405,
            "count": 50
        },
        "carMove.Losses.PolicyLoss.sum": {
            "value": 0.15111939649408063,
            "min": 0.07791888574138284,
            "max": 0.3096260882448405,
            "count": 50
        },
        "carMove.Losses.ValueLoss.mean": {
            "value": 1.1301726112763086,
            "min": 0.11487375646829605,
            "max": 1.2795801987250646,
            "count": 50
        },
        "carMove.Losses.ValueLoss.sum": {
            "value": 1.1301726112763086,
            "min": 0.11487375646829605,
            "max": 2.012105374534925,
            "count": 50
        },
        "carMove.Policy.LearningRate.mean": {
            "value": 3.145298951600015e-06,
            "min": 3.145298951600015e-06,
            "max": 0.00029624640125120003,
            "count": 50
        },
        "carMove.Policy.LearningRate.sum": {
            "value": 3.145298951600015e-06,
            "min": 3.145298951600015e-06,
            "max": 0.0005464212178596,
            "count": 50
        },
        "carMove.Policy.Epsilon.mean": {
            "value": 0.10104839999999997,
            "min": 0.10104839999999997,
            "max": 0.19874879999999998,
            "count": 50
        },
        "carMove.Policy.Epsilon.sum": {
            "value": 0.10104839999999997,
            "min": 0.10104839999999997,
            "max": 0.3821404,
            "count": 50
        },
        "carMove.Policy.Beta.mean": {
            "value": 0.005000000000000001,
            "min": 0.005000000000000001,
            "max": 0.005000000000000001,
            "count": 50
        },
        "carMove.Policy.Beta.sum": {
            "value": 0.005000000000000001,
            "min": 0.005000000000000001,
            "max": 0.010000000000000002,
            "count": 50
        },
        "carMove.IsTraining.mean": {
            "value": 1.0,
            "min": 1.0,
            "max": 1.0,
            "count": 50
        },
        "carMove.IsTraining.sum": {
            "value": 1.0,
            "min": 1.0,
            "max": 1.0,
            "count": 50
        }
    },
    "metadata": {
        "timer_format_version": "0.1.0",
        "start_time_seconds": "1655735323",
        "python_version": "3.6.13 |Anaconda, Inc.| (default, Mar 16 2021, 11:37:27) [MSC v.1916 64 bit (AMD64)]",
        "command_line_arguments": "D:\\devTools\\anaconda\\envs\\deepLearning\\Scripts\\mlagents-learn .\\config\\carMove.yaml --run-id vis_005",
        "mlagents_version": "0.28.0",
        "mlagents_envs_version": "0.28.0",
        "communication_protocol_version": "1.5.0",
        "pytorch_version": "1.10.2",
        "numpy_version": "1.17.0",
        "end_time_seconds": "1655740473"
    },
    "total": 5150.0138972,
    "count": 1,
    "self": 0.02585570000064763,
    "children": {
        "run_training.setup": {
            "total": 0.1893455,
            "count": 1,
            "self": 0.1893455
        },
        "TrainerController.start_learning": {
            "total": 5149.798696,
            "count": 1,
            "self": 2.7707830000790636,
            "children": {
                "TrainerController._reset_env": {
                    "total": 14.1064589,
                    "count": 1,
                    "self": 14.1064589
                },
                "TrainerController.advance": {
                    "total": 5132.533943999921,
                    "count": 126240,
                    "self": 2.8997037999652093,
                    "children": {
                        "env_step": {
                            "total": 4771.006095299888,
                            "count": 126240,
                            "self": 3857.8562004000023,
                            "children": {
                                "SubprocessEnvManager._take_step": {
                                    "total": 910.7627810998886,
                                    "count": 126240,
                                    "self": 10.177505800057247,
                                    "children": {
                                        "TorchPolicy.evaluate": {
                                            "total": 900.5852752998313,
                                            "count": 125030,
                                            "self": 311.6159716997788,
                                            "children": {
                                                "TorchPolicy.sample_actions": {
                                                    "total": 588.9693036000525,
                                                    "count": 125030,
                                                    "self": 588.9693036000525
                                                }
                                            }
                                        }
                                    }
                                },
                                "workers": {
                                    "total": 2.3871137999972873,
                                    "count": 126240,
                                    "self": 0.0,
                                    "children": {
                                        "worker_root": {
                                            "total": 5133.704062799876,
                                            "count": 126240,
                                            "is_parallel": true,
                                            "self": 1502.275557399851,