{
    "name": "root",
    "gauges": {
        "carMove.Policy.Entropy.mean": {
            "value": 1.2801254987716675,
            "min": 1.1169127225875854,
            "max": 2.1960229873657227,
            "count": 150
        },
        "carMove.Policy.Entropy.sum": {
            "value": 12862.701171875,
            "min": 11086.048828125,
            "max": 22065.638671875,
            "count": 150
        },
        "carMove.Step.mean": {
            "value": 1499958.0,
            "min": 9984.0,
            "max": 1499958.0,
            "count": 150
        },
        "carMove.Step.sum": {
            "value": 1499958.0,
            "min": 9984.0,
            "max": 1499958.0,
            "count": 150
        },
        "carMove.Policy.ExtrinsicValueEstimate.mean": {
            "value": 3.939154863357544,
            "min": -1.3111968040466309,
            "max": 4.431461811065674,
            "count": 150
        },
        "carMove.Policy.ExtrinsicValueEstimate.sum": {
            "value": 634.2039184570312,
            "min": -208.4803009033203,
            "max": 738.8987426757812,
            "count": 150
        },
        "carMove.Environment.EpisodeLength.mean": {
            "value": 885.75,
            "min": 96.89622641509433,
            "max": 1999.0,
            "count": 150
        },
        "carMove.Environment.EpisodeLength.sum": {
            "value": 7086.0,
            "min": 5339.0,
            "max": 15992.0,
            "count": 150
        },
        "carMove.Environment.CumulativeReward.mean": {
            "value": 31.35000079125166,
            "min": 0.05000004172325134,
            "max": 65.7333345413208,
            "count": 150
        },
        "carMove.Environment.CumulativeReward.sum": {
            "value": 250.80000633001328,
            "min": 0.20000016689300537,
            "max": 623.5000111460686,
            "count": 150
        },
        "carMove.Policy.ExtrinsicReward.mean": {
            "value": 31.35000079125166,
            "min": 0.05000004172325134,
            "max": 65.7333345413208,
            "count": 150
        },
        "carMove.Policy.ExtrinsicReward.sum": {
            "value": 250.80000633001328,
            "min": 0.20000016689300537,
            "max": 623.5000111460686,
            "count": 150
        },
        "carMove.IsTraining.mean": {
            "value": 1.0,
            "min": 1.0,
            "max": 1.0,
            "count": 150
        },
        "carMove.IsTraining.sum": {
            "value": 1.0,
            "min": 1.0,
            "max": 1.0,
            "count": 150
        },
        "carMove.Losses.PolicyLoss.mean": {
            "value": 0.26444593962902824,
            "min": 0.22347117486254622,
            "max": 0.3947264441444228,
            "count": 149
        },
        "carMove.Losses.PolicyLoss.sum": {
            "value": 0.26444593962902824,
            "min": 0.22347117486254622,
            "max": 0.6318033444695175,
            "count": 149
        },
        "carMove.Losses.ValueLoss.mean": {
            "value": 0.3678732906468213,
            "min": 0.024336892397831975,
            "max": 1.2398781816164652,
            "count": 149
        },
        "carMove.Losses.ValueLoss.sum": {
            "value": 0.3678732906468213,
            "min": 0.024336892397831975,
            "max": 1.2398781816164652,
            "count": 149
        },
        "carMove.Policy.LearningRate.mean": {
            "value": 1.364999545333476e-07,
            "min": 1.364999545333476e-07,
            "max": 0.00029793920068693343,
            "count": 149
        },
        "carMove.Policy.LearningRate.sum": {
            "value": 1.364999545333476e-07,
            "min": 1.364999545333476e-07,
            "max": 0.0005700466099844666,
            "count": 149
        },
        "carMove.Policy.Epsilon.mean": {
            "value": 0.10004546666666664,
            "min": 0.10004546666666664,
            "max": 0.1993130666666666,
            "count": 149
        },
        "carMove.Policy.Epsilon.sum": {
            "value": 0.10004546666666664,
            "min": 0.10004546666666664,
            "max": 0.3900155333333334,
            "count": 149
        },
        "carMove.Policy.Beta.mean": {
            "value": 0.005,
            "min": 0.005,
            "max": 0.005,
            "count": 149
        },
        "carMove.Policy.Beta.sum": {
            "value": 0.005,
            "min": 0.005,
            "max": 0.01,
            "count": 149
        }
    },
    "metadata": {
        "timer_format_version": "0.1.0",
        "start_time_seconds": "1658325897",
        "python_version": "3.6.13 |Anaconda, Inc.| (default, Mar 16 2021, 11:37:27) [MSC v.1916 64 bit (AMD64)]",
        "command_line_arguments": "D:\\devTools\\anaconda\\envs\\deepLearning\\Scripts\\mlagents-learn config\\carMove.yaml --run-id=ppo1.5m",
        "mlagents_version": "0.28.0",
        "mlagents_envs_version": "0.28.0",
        "communication_protocol_version": "1.5.0",
        "pytorch_version": "1.10.2",
        "numpy_version": "1.17.0",
        "end_time_seconds": "1658338298"
    },
    "total": 12401.072044699999,
    "count": 1,
    "self": 0.036833299998761504,
    "children": {
        "run_training.setup": {
            "total": 0.1764537,
            "count": 1,
            "self": 0.1764537
        },
        "TrainerController.start_learning": {
            "total": 12400.8587577,
            "count": 1,
            "self": 7.591137300340051,
            "children": {
                "TrainerController._reset_env": {
                    "total": 12.7714526,
                    "count": 1,
                    "self": 12.7714526
                },
                "TrainerController.advance": {
                    "total": 12380.15828129966,
                    "count": 376306,
                    "self": 7.2207447995497205,
                    "children": {
                        "env_step": {
                            "total": 10638.900903299986,
                            "count": 376306,
                            "self": 8405.298793600316,
                            "children": {
                                "SubprocessEnvManager._take_step": {
                                    "total": 2226.97289430018,
                                    "count": 376306,
                                    "self": 25.40636990031453,
                                    "children": {
                                        "TorchPolicy.evaluate": {
                                            "total": 2201.5665243998656,
                                            "count": 375046,
                                            "self": 852.5153047997214,
                                            "children": {
                                                "TorchPolicy.sample_actions": {
                                                    "total": 1349.0512196001441,
                                                    "count": 375046,
                                                    "self": 1349.0512196001441
                                                }
                                            }
                                        }
                                    }
                                },
                                "workers": {
                                    "total": 6.6292153994903416,
                                    "count": 376306,
                                    "self": 0.0,
                                    "children": {
                                        "worker_root": {
                                            "total": 12377.879000499612,
                                            "count": 376306,
                                            "is_parallel": true,
                                            "self": 4852.070900199888,